variant,rows,logloss,brier,auc,delta_logloss,delta_brier,ci95_low,ci95_high,ci_family_low,ci_family_high,folds_better_both,folds_worse_both,passes_promotion_gate,status
depth4,46866,0.5971165915506436,0.20464309406325026,0.68264849158238,-0.0033017749701184725,-0.0014555547601168232,-0.004220435338173772,-0.0023224597587950145,-0.0046705279755911685,-0.001841216285925108,4,0,True,candidat_a_confirmation
leaf100,46866,0.598882225502501,0.2053892286959269,0.6786594019730813,-0.0015361410182610415,-0.0007094201274401275,-0.0024872720747228403,-0.0005241640979372603,-0.002983126673502916,-1.009488274613643e-06,3,1,False,instable
plus_drought_relative_pre,46866,0.600743188835445,0.2061928448830483,0.6756500441204051,0.0003248223146829231,9.419605968122809e-05,-0.00036394697493833826,0.001028901734861432,-0.000706328825867755,0.001406951111514346,1,2,False,instable
plus_drought_surprise_pre,46866,0.6030159114871714,0.20664534288666006,0.674051315786934,0.002597544966409382,0.0005466940632929693,0.0008983679384194225,0.004586317508161849,0.0003467682613882511,0.005788196950848319,1,3,False,instable
plus_pp_share_5_pre,46866,0.6002418250378014,0.20589480831053325,0.6767310131463687,-0.00017654148296060424,-0.000203840512833818,-0.0010295783600789434,0.0008034225632935383,-0.001402227593225588,0.001346002671415942,3,1,False,instable
plus_shots_trend_5_10_pre,46866,0.6013886518295185,0.20644708390397581,0.6742964249041109,0.0009702853087564081,0.0003484350806087721,0.0001112363204168148,0.0018858585143404281,-0.0003104628450499843,0.002345817033837239,2,2,False,instable
plus_toi_trend_5_10_pre,46866,0.5997405477432314,0.20577676554459126,0.6780507931137425,-0.000677818777530756,-0.0003218832787757893,-0.0013663511999989658,3.8357089166638685e-05,-0.0017541822331332137,0.00039388155934880475,3,1,False,instable
without_head_to_head,46866,0.6000643361356699,0.2059163473739576,0.6770166215945819,-0.0003540303850920671,-0.00018230144940948524,-0.0010466811963831173,0.00037684265821447783,-0.001399697834957938,0.000766011788764084,3,1,False,instable
without_recent_scoring,46866,0.5997760833379298,0.20580244518534987,0.6774296693317986,-0.0006422831828323141,-0.00029620363801717033,-0.0014941417834911407,0.0002743973769203025,-0.0019247597485599912,0.0008346401120215274,3,1,False,instable
without_return_absence,46866,0.6065171421441422,0.20701579955280736,0.6729361013727027,0.00609877562338025,0.0009171507294403226,0.0034285129725288564,0.008972259465259133,0.0021353758567723455,0.010506583734164396,1,3,False,instable
without_sample_depth,46866,0.5997007713560661,0.20562455653577627,0.6776200662513804,-0.0007175951646958206,-0.0004740922875907933,-0.0015957498113435907,0.0003335483920942954,-0.001985511582753123,0.0010807163330935413,3,1,False,instable
without_schedule,46866,0.6014848827757423,0.20647482524070576,0.6745620661748172,0.001066516254980362,0.00037617641733871804,3.931324026525e-05,0.002151586360643241,-0.0004680759206432556,0.0027230366362041456,2,2,False,instable
without_season_history,46866,0.6006036671849952,0.20625796981971964,0.6775575630143292,0.0001853006642331953,0.0001593209963525512,-0.0006487971386249259,0.0010172546630123646,-0.0010717292764465165,0.0014037064929770676,1,3,False,instable
without_shots,46866,0.6005302463394684,0.20612609681427657,0.6765152868035433,0.0001118798187062989,2.7447990909510854e-05,-0.0006185868929991642,0.0008485719687809285,-0.0010301192874746276,0.0012021228238744178,2,2,False,instable
without_standings,46866,0.6016146646631217,0.20646965374785312,0.674876554749675,0.0011962981423596657,0.00037100492448604666,-0.0004084444040983655,0.0028446410856563433,-0.0013109830163651928,0.0038800730728202597,2,2,False,instable
without_streaks,46866,0.6103588087625879,0.20698441797504855,0.6744290676021758,0.009940442241825874,0.0008857691516814837,0.004896805874680268,0.015552256294631181,0.0029776907823602203,0.019205399311968914,0,4,False,groupe_utile
without_team_form,46866,0.5998271874079948,0.20580807095590783,0.6771761810773486,-0.0005911791127672188,-0.00029057786745920807,-0.0017067133602399014,0.0005378935075564858,-0.0023467006684239422,0.001046019298315205,3,1,False,instable
without_usage,46866,0.599976464017531,0.2058651540568314,0.6772385385465648,-0.00044190250323092155,-0.0002334947665356652,-0.001320212808899409,0.0004672803030040644,-0.0017753581483169751,0.0009314897049307618,3,0,False,preuve_insuffisante
