feature,group,missing_rate,unique_values,std,seasonal,permutation_logloss_mean,permutation_logloss_std,permutation_positive_folds,permutation_folds,definition,source,temporalite,risque,top3_correlations_spearman,stabilite_interpretation
is_home_player,schedule,0.0,2,0.5000027085810519,"[{""season"": 20242025, ""missing"": 0.0, ""mean"": 0.49997019137139564, ""std"": 0.5000049672902517}, {""season"": 20252026, ""missing"": 0.0, ""mean"": 0.500011911852293, ""std"": 0.5000059558906739}]",-0.0003354371444547,0.0003370914579671,0,4,Joueur à domicile selon le match programmé,Calendrier et résultats NHL historiques,Match courant: métadonnées seulement; résultats antérieurs uniquement,Aucune fuite actuelle détectée; archive point-in-time des corrections source non disponible,"{""is_home_team"": 1.0, ""consecutive_away_games"": -0.9325710049000064, ""team_back_to_back_away"": -0.333394323126428}","Comparer saisons: moyennes, écarts-types et manquants fournis; defaults historiques peuvent masquer indisponibilité"
saison,sample_depth,0.0,2,4980.040610577564,"[{""season"": 20242025, ""missing"": 0.0, ""mean"": 20242025.0, ""std"": 0.0}, {""season"": 20252026, ""missing"": 0.0, ""mean"": 20252026.0, ""std"": 0.0}]",0.0,0.0,0,2,Code numérique de la saison du match,Calendrier et résultats NHL historiques,Match courant: métadonnées seulement; résultats antérieurs uniquement,Aucune fuite actuelle détectée; archive point-in-time des corrections source non disponible,"{""nb_matchs_avant_match"": 0.664173769072123, ""retour_episode"": 0.5515486443022106, ""nb_matchs_vs_adv_avant"": 0.5403358277187994}","Comparer saisons: moyennes, écarts-types et manquants fournis; defaults historiques peuvent masquer indisponibilité"
nb_matchs_avant_match,sample_depth,0.0,178,42.69706013113943,"[{""season"": 20242025, ""missing"": 0.0, ""mean"": 36.29381371594364, ""std"": 24.262353221965995}, {""season"": 20252026, ""missing"": 0.0, ""mean"": 94.59735556879095, ""std"": 38.07244072184524}]",0.0004633491691116,0.0013407664759542,1,4,Nombre de participations précédentes du joueur dans la base,Calendrier et résultats NHL historiques,Match courant: métadonnées seulement; résultats antérieurs uniquement,Aucune fuite actuelle détectée; archive point-in-time des corrections source non disponible,"{""nb_matchs_vs_adv_avant"": 0.8179800802100454, ""return_from_absence_flag"": 0.6786552518723311, ""saison"": 0.664173769072123}","Comparer saisons: moyennes, écarts-types et manquants fournis; defaults historiques peuvent masquer indisponibilité"
jours_repos_raw,schedule,0.0197733379561411,123,5.214350639154334,"[{""season"": 20242025, ""missing"": 0.018362115220285767, ""mean"": 2.923699819827115, ""std"": 5.318896470239382}, {""season"": 20252026, ""missing"": 0.02146515783204288, ""mean"": 2.9245751570336465, ""std"": 5.085839100022068}]",-0.0003832920530111,0.0005453160612027,1,4,Différence en jours avec la participation précédente; inconnue en début de saison,Calendrier et résultats NHL historiques,Match courant: métadonnées seulement; résultats antérieurs uniquement,Aucune fuite actuelle détectée; archive point-in-time des corrections source non disponible,"{""jours_absence_pre_match"": 0.999999999828572, ""jours_repos"": 0.9999907507295528, ""jours_repos_team"": 0.902688585023534}","Comparer saisons: moyennes, écarts-types et manquants fournis; defaults historiques peuvent masquer indisponibilité"
is_premier_match_joueur,sample_depth,0.0,2,0.1057525670657196,"[{""season"": 20242025, ""missing"": 0.0, ""mean"": 0.018362115220285767, ""std"": 0.1342583559833816}, {""season"": 20252026, ""missing"": 0.0, ""mean"": 0.0028588445503275758, ""std"": 0.05339231661334525}]",0.0,0.0,0,4,Aucune participation antérieure dans la base,Calendrier et résultats NHL historiques,Match courant: métadonnées seulement; résultats antérieurs uniquement,Aucune fuite actuelle détectée; archive point-in-time des corrections source non disponible,"{""hist_ok_5"": -0.4481650652828362, ""nb_matchs_joues_10"": -0.3463530917133828, ""hist_ok_10"": -0.3146458658862295}","Comparer saisons: moyennes, écarts-types et manquants fournis; defaults historiques peuvent masquer indisponibilité"
jours_repos,schedule,0.0,14,2.2410045448084075,"[{""season"": 20242025, ""missing"": 0.0, ""mean"": 2.709167146916794, ""std"": 2.209796537958155}, {""season"": 20252026, ""missing"": 0.0, ""mean"": 2.655533055390113, ""std"": 2.2775363617228974}]",0.0,0.0,0,4,"jours_repos_raw borné à 0–14, défaut fixe 7",Calendrier et résultats NHL historiques,Match courant: métadonnées seulement; résultats antérieurs uniquement,Aucune fuite actuelle détectée; archive point-in-time des corrections source non disponible,"{""jours_repos_raw"": 0.9999907507295528, ""jours_absence_pre_match"": 0.9961474821368556, ""jours_repos_team"": 0.8893692699268945}","Comparer saisons: moyennes, écarts-types et manquants fournis; defaults historiques peuvent masquer indisponibilité"
tirs_moy_5,shots,0.0,66,0.9375522669738804,"[{""season"": 20242025, ""missing"": 0.0, ""mean"": 1.5484797599411775, ""std"": 0.9539644873133046}, {""season"": 20252026, ""missing"": 0.0, ""mean"": 1.5509799483819733, ""std"": 0.9174993687043329}]",0.0004828755256869,0.0003324171773795,4,4,"Moyenne tirs des 5 dernières participations, shift(1) puis rolling(min_periods=1)",Boxscores NHL historiques; rapport NHL PP pour TOI PP,Participations strictement antérieures; saison précédente déjà terminée,Aucune fuite actuelle détectée; archive point-in-time des corrections source non disponible,"{""tirs_par_60_5"": 0.8996871488010254, ""tirs_moy_10"": 0.8935998821492978, ""tirs_vs_adv_shrunk"": 0.8183759438417487}","Comparer saisons: moyennes, écarts-types et manquants fournis; defaults historiques peuvent masquer indisponibilité"
toi_moy_5,usage,0.0,11533,4.51821110210177,"[{""season"": 20242025, ""missing"": 0.0, ""mean"": 16.278956168067673, ""std"": 4.68384946634317}, {""season"": 20252026, ""missing"": 0.0, ""mean"": 16.53290903977235, ""std"": 4.307234626939056}]",0.0008573836744826,0.0007276070733536,3,4,"Moyenne toi des 5 dernières participations, shift(1) puis rolling(min_periods=1)",Boxscores NHL historiques; rapport NHL PP pour TOI PP,Participations strictement antérieures; saison précédente déjà terminée,Aucune fuite actuelle détectée; archive point-in-time des corrections source non disponible,"{""toi_moy_10"": 0.979466657980526, ""toi_moy_retour_3_avant_match"": 0.9761397152185388, ""toi_pre_absence_ref"": 0.8651395904449234}","Comparer saisons: moyennes, écarts-types et manquants fournis; defaults historiques peuvent masquer indisponibilité"
pp_moy_5,usage,0.0113114327814856,5604,1.3597361043124556,"[{""season"": 20242025, ""missing"": 0.018362115220285767, ""mean"": 1.2697843042649912, ""std"": 1.3281533799727003}, {""season"": 20252026, ""missing"": 0.0028588445503275758, ""mean"": 1.333720748881721, ""std"": 1.3953141411989591}]",0.0115871274292269,0.0035687302159005,4,4,"Moyenne pp des 5 dernières participations, shift(1) puis rolling(min_periods=1)",Boxscores NHL historiques; rapport NHL PP pour TOI PP,Participations strictement antérieures; saison précédente déjà terminée,Aucune fuite actuelle détectée; archive point-in-time des corrections source non disponible,"{""pp_moy_retour_3_avant_match"": 0.9590525596856788, ""pp_pre_absence_ref"": 0.8310429806802656, ""points_per_game_weighted_pre"": 0.727122460224763}","Comparer saisons: moyennes, écarts-types et manquants fournis; defaults historiques peuvent masquer indisponibilité"
points_moy_5,recent_scoring,0.0,32,0.4140505830742597,"[{""season"": 20242025, ""missing"": 0.0, ""mean"": 0.4450053986738472, ""std"": 0.416508189819182}, {""season"": 20252026, ""missing"": 0.0, ""mean"": 0.4574167162993845, ""std"": 0.4109877511126217}]",8.54556780269998e-06,0.000434635148576,1,4,"Moyenne points des 5 dernières participations, shift(1) puis rolling(min_periods=1)",Boxscores NHL historiques; rapport NHL PP pour TOI PP,Participations strictement antérieures; saison précédente déjà terminée,Aucune fuite actuelle détectée; archive point-in-time des corrections source non disponible,"{""points_par_60_5"": 0.9645393077013968, ""point_hit_rate_last_5"": 0.9289349316934524, ""points_moy_10"": 0.8520850726530017}","Comparer saisons: moyennes, écarts-types et manquants fournis; defaults historiques peuvent masquer indisponibilité"
buts_moy_5,recent_scoring,0.0,22,0.2232324889042116,"[{""season"": 20242025, ""missing"": 0.0, ""mean"": 0.1657710829805979, ""std"": 0.22573266230918837}, {""season"": 20252026, ""missing"": 0.0, ""mean"": 0.17041810601548543, ""std"": 0.22017373464098275}]",-7.446032057240036e-06,4.901187208688641e-05,1,4,"Moyenne buts des 5 dernières participations, shift(1) puis rolling(min_periods=1)",Boxscores NHL historiques; rapport NHL PP pour TOI PP,Participations strictement antérieures; saison précédente déjà terminée,Aucune fuite actuelle détectée; archive point-in-time des corrections source non disponible,"{""buts_par_60_5"": 0.9824645171656632, ""buts_moy_10"": 0.8040852436583533, ""buts_vs_adv_shrunk"": 0.7054551467942652}","Comparer saisons: moyennes, écarts-types et manquants fournis; defaults historiques peuvent masquer indisponibilité"
passes_moy_5,recent_scoring,0.0,27,0.3003098555408511,"[{""season"": 20242025, ""missing"": 0.0, ""mean"": 0.2792343156932493, ""std"": 0.30327130118514917}, {""season"": 20252026, ""missing"": 0.0, ""mean"": 0.2869986102838991, ""std"": 0.29666883928184923}]",-8.610053820335e-05,0.0003541692567613,1,4,"Moyenne passes des 5 dernières participations, shift(1) puis rolling(min_periods=1)",Boxscores NHL historiques; rapport NHL PP pour TOI PP,Participations strictement antérieures; saison précédente déjà terminée,Aucune fuite actuelle détectée; archive point-in-time des corrections source non disponible,"{""points_moy_5"": 0.8404807578685237, ""passes_moy_10"": 0.81136631434252, ""points_par_60_5"": 0.7898733350495167}","Comparer saisons: moyennes, écarts-types et manquants fournis; defaults historiques peuvent masquer indisponibilité"
tirs_moy_10,shots,0.0,169,0.8462191701981854,"[{""season"": 20242025, ""missing"": 0.0, ""mean"": 1.5506768609022141, ""std"": 0.868328166706605}, {""season"": 20252026, ""missing"": 0.0, ""mean"": 1.5533083468050712, ""std"": 0.818935855201253}]",0.001058499456778,0.0007761012181057,4,4,"Moyenne tirs des 10 dernières participations, shift(1) puis rolling(min_periods=1)",Boxscores NHL historiques; rapport NHL PP pour TOI PP,Participations strictement antérieures; saison précédente déjà terminée,Aucune fuite actuelle détectée; archive point-in-time des corrections source non disponible,"{""tirs_vs_adv_shrunk"": 0.909821198110716, ""tirs_moy_5"": 0.8935998821492978, ""tirs_par_60_5"": 0.7658093342036036}","Comparer saisons: moyennes, écarts-types et manquants fournis; defaults historiques peuvent masquer indisponibilité"
toi_moy_10,usage,0.0,20087,4.435474173883137,"[{""season"": 20242025, ""missing"": 0.0, ""mean"": 16.266463757833442, ""std"": 4.604780038995979}, {""season"": 20252026, ""missing"": 0.0, ""mean"": 16.543191445525338, ""std"": 4.21867813496581}]",0.0026357846073725,0.0023966162129158,3,4,"Moyenne toi des 10 dernières participations, shift(1) puis rolling(min_periods=1)",Boxscores NHL historiques; rapport NHL PP pour TOI PP,Participations strictement antérieures; saison précédente déjà terminée,Aucune fuite actuelle détectée; archive point-in-time des corrections source non disponible,"{""toi_moy_5"": 0.979466657980526, ""toi_moy_retour_3_avant_match"": 0.952438886847509, ""toi_pre_absence_ref"": 0.8966348364662611}","Comparer saisons: moyennes, écarts-types et manquants fournis; defaults historiques peuvent masquer indisponibilité"
points_moy_10,recent_scoring,0.0,78,0.3600759504159714,"[{""season"": 20242025, ""missing"": 0.0, ""mean"": 0.4451624538715415, ""std"": 0.3656663030394515}, {""season"": 20252026, ""missing"": 0.0, ""mean"": 0.45920646265256154, ""std"": 0.35310957586084746}]",0.0001515310879396,0.0006220654472082,3,4,"Moyenne points des 10 dernières participations, shift(1) puis rolling(min_periods=1)",Boxscores NHL historiques; rapport NHL PP pour TOI PP,Participations strictement antérieures; saison précédente déjà terminée,Aucune fuite actuelle détectée; archive point-in-time des corrections source non disponible,"{""point_hit_rate_last_10"": 0.9345218508146624, ""points_vs_adv_shrunk"": 0.8788953668574518, ""passes_moy_10"": 0.8667158609174187}","Comparer saisons: moyennes, écarts-types et manquants fournis; defaults historiques peuvent masquer indisponibilité"
buts_moy_10,recent_scoring,0.0,46,0.1852997512639591,"[{""season"": 20242025, ""missing"": 0.0, ""mean"": 0.1658878018991093, ""std"": 0.19028877333551164}, {""season"": 20252026, ""missing"": 0.0, ""mean"": 0.17105991850780417, ""std"": 0.1790972524580054}]",0.0001835485393684,0.0002168612064521,3,4,"Moyenne buts des 10 dernières participations, shift(1) puis rolling(min_periods=1)",Boxscores NHL historiques; rapport NHL PP pour TOI PP,Participations strictement antérieures; saison précédente déjà terminée,Aucune fuite actuelle détectée; archive point-in-time des corrections source non disponible,"{""buts_vs_adv_shrunk"": 0.8706243640813208, ""buts_moy_5"": 0.8040852436583533, ""buts_par_60_5"": 0.7799757355824365}","Comparer saisons: moyennes, écarts-types et manquants fournis; defaults historiques peuvent masquer indisponibilité"
passes_moy_10,recent_scoring,0.0,60,0.2522357880713581,"[{""season"": 20242025, ""missing"": 0.0, ""mean"": 0.27927465197243223, ""std"": 0.25842496801274406}, {""season"": 20252026, ""missing"": 0.0, ""mean"": 0.2881465441447574, ""std"": 0.24452501411603772}]",-0.0001316913533885,0.0002466190780081,2,4,"Moyenne passes des 10 dernières participations, shift(1) puis rolling(min_periods=1)",Boxscores NHL historiques; rapport NHL PP pour TOI PP,Participations strictement antérieures; saison précédente déjà terminée,Aucune fuite actuelle détectée; archive point-in-time des corrections source non disponible,"{""points_moy_10"": 0.8667158609174187, ""passes_moy_5"": 0.81136631434252, ""point_hit_rate_last_10"": 0.8056955465596164}","Comparer saisons: moyennes, écarts-types et manquants fournis; defaults historiques peuvent masquer indisponibilité"
nb_matchs_joues_10,sample_depth,0.0,11,1.951740235154345,"[{""season"": 20242025, ""missing"": 0.0, ""mean"": 9.065777707120288, ""std"": 2.405785437839779}, {""season"": 20252026, ""missing"": 0.0, ""mean"": 9.836092912447885, ""std"": 1.0554313218367897}]",0.0,0.0,0,4,"Nombre de participations antérieures, fenêtre 10",Calendrier et résultats NHL historiques,Match courant: métadonnées seulement; résultats antérieurs uniquement,Aucune fuite actuelle détectée; archive point-in-time des corrections source non disponible,"{""hist_ok_10"": 0.9980307403238994, ""hist_ok_5"": 0.7395411614351314, ""nb_matchs_avant_match"": 0.528861507767419}","Comparer saisons: moyennes, écarts-types et manquants fournis; defaults historiques peuvent masquer indisponibilité"
hist_ok_5,sample_depth,0.0,2,0.2258053360679934,"[{""season"": 20242025, ""missing"": 0.0, ""mean"": 0.9134953597901473, ""std"": 0.28111057933369377}, {""season"": 20252026, ""missing"": 0.0, ""mean"": 0.9852054794520548, ""std"": 0.12073106461793741}]",0.0,0.0,0,4,Au moins 5 participations antérieures,Calendrier et résultats NHL historiques,Match courant: métadonnées seulement; résultats antérieurs uniquement,Aucune fuite actuelle détectée; archive point-in-time des corrections source non disponible,"{""nb_matchs_joues_10"": 0.7395411614351314, ""hist_ok_10"": 0.7020758427202641, ""is_premier_match_joueur"": -0.4481650652828362}","Comparer saisons: moyennes, écarts-types et manquants fournis; defaults historiques peuvent masquer indisponibilité"
hist_ok_10,sample_depth,0.0,2,0.3047303902431856,"[{""season"": 20242025, ""missing"": 0.0, ""mean"": 0.8350986665606804, ""std"": 0.371095163445017}, {""season"": 20252026, ""missing"": 0.0, ""mean"": 0.9699106611078022, ""std"": 0.17083520089280843}]",0.0,0.0,0,4,Au moins 10 participations antérieures,Calendrier et résultats NHL historiques,Match courant: métadonnées seulement; résultats antérieurs uniquement,Aucune fuite actuelle détectée; archive point-in-time des corrections source non disponible,"{""nb_matchs_joues_10"": 0.9980307403238994, ""hist_ok_5"": 0.7020758427202641, ""nb_matchs_avant_match"": 0.5278200421259309}","Comparer saisons: moyennes, écarts-types et manquants fournis; defaults historiques peuvent masquer indisponibilité"
tirs_par_60_5,shots,0.0,47195,3.037438410200099,"[{""season"": 20242025, ""missing"": 0.0, ""mean"": 5.58640342619656, ""std"": 3.1129270297790907}, {""season"": 20252026, ""missing"": 0.0, ""mean"": 5.596641634904158, ""std"": 2.944417670456352}]",0.0001413409932062,0.0008911566555731,2,4,60 × moyenne tirs 5 / moyenne TOI 5; défaut 0 si division invalide,Boxscores NHL historiques; rapport NHL PP pour TOI PP,Participations strictement antérieures; saison précédente déjà terminée,Aucune fuite actuelle détectée; archive point-in-time des corrections source non disponible,"{""tirs_moy_5"": 0.8996871488010254, ""tirs_moy_10"": 0.7658093342036036, ""tirs_vs_adv_shrunk"": 0.6930154742123604}","Comparer saisons: moyennes, écarts-types et manquants fournis; defaults historiques peuvent masquer indisponibilité"
points_par_60_5,recent_scoring,0.0,27370,1.3575420956712283,"[{""season"": 20242025, ""missing"": 0.0, ""mean"": 1.5566694433195454, ""std"": 1.3747713048243184}, {""season"": 20252026, ""missing"": 0.0, ""mean"": 1.5997409675148655, ""std"": 1.3362323826159632}]",0.0003553259848104,0.0009327088628911,3,4,60 × moyenne points 5 / moyenne TOI 5; défaut 0 si division invalide,Boxscores NHL historiques; rapport NHL PP pour TOI PP,Participations strictement antérieures; saison précédente déjà terminée,Aucune fuite actuelle détectée; archive point-in-time des corrections source non disponible,"{""points_moy_5"": 0.9645393077013968, ""point_hit_rate_last_5"": 0.8963580973607553, ""points_moy_10"": 0.7907430815471802}","Comparer saisons: moyennes, écarts-types et manquants fournis; defaults historiques peuvent masquer indisponibilité"
buts_par_60_5,recent_scoring,0.0,16389,0.7917923813291883,"[{""season"": 20242025, ""missing"": 0.0, ""mean"": 0.5938868397565717, ""std"": 0.8029914914857375}, {""season"": 20252026, ""missing"": 0.0, ""mean"": 0.6111097678326857, ""std"": 0.7780597365879203}]",-0.0001288772245249,0.0005689767784322,2,4,60 × moyenne buts 5 / moyenne TOI 5; défaut 0 si division invalide,Boxscores NHL historiques; rapport NHL PP pour TOI PP,Participations strictement antérieures; saison précédente déjà terminée,Aucune fuite actuelle détectée; archive point-in-time des corrections source non disponible,"{""buts_moy_5"": 0.9824645171656632, ""buts_moy_10"": 0.7799757355824365, ""buts_vs_adv_shrunk"": 0.6839241135276113}","Comparer saisons: moyennes, écarts-types et manquants fournis; defaults historiques peuvent masquer indisponibilité"
nb_matchs_vs_adv_avant,head_to_head,0.0,16,1.909186837015008,"[{""season"": 20242025, ""missing"": 0.0, ""mean"": 1.0540132350311002, ""std"": 1.45142049840126}, {""season"": 20252026, ""missing"": 0.0, ""mean"": 2.844097677188803, ""std"": 1.9344808139212066}]",1.336836748810938e-06,7.935236695208494e-05,3,4,"Participations précédentes contre cet adversaire, toutes saisons disponibles",Boxscores NHL historiques; rapport NHL PP pour TOI PP,Participations strictement antérieures; saison précédente déjà terminée,Aucune fuite actuelle détectée; archive point-in-time des corrections source non disponible,"{""nb_matchs_avant_match"": 0.8179800802100454, ""return_from_absence_flag"": 0.5859384540692311, ""retour_episode"": 0.542382238140894}","Comparer saisons: moyennes, écarts-types et manquants fournis; defaults historiques peuvent masquer indisponibilité"
points_vs_adv_5,head_to_head,0.2790586807662304,37,0.5717619249697621,"[{""season"": 20242025, ""missing"": 0.4302974901134715, ""mean"": 0.4725669736291335, ""std"": 0.6459491046531173}, {""season"": 20252026, ""missing"": 0.09774865991661703, ""mean"": 0.472358206590621, ""std"": 0.508465579401294}]",0.0002085073461149,0.0004520287499828,3,4,Moyenne points des 5 participations précédentes contre adversaire,Boxscores NHL historiques; rapport NHL PP pour TOI PP,Participations strictement antérieures; saison précédente déjà terminée,Aucune fuite actuelle détectée; archive point-in-time des corrections source non disponible,"{""points_vs_adv_shrunk"": 0.791693741157368, ""buts_vs_adv_5"": 0.6333805515033955, ""buts_vs_adv_shrunk"": 0.5373896418113916}","Comparer saisons: moyennes, écarts-types et manquants fournis; defaults historiques peuvent masquer indisponibilité"
buts_vs_adv_5,head_to_head,0.2790586807662304,23,0.3311345934972172,"[{""season"": 20242025, ""missing"": 0.4302974901134715, ""mean"": 0.17603309148411697, ""std"": 0.37785283737182784}, {""season"": 20252026, ""missing"": 0.09774865991661703, ""mean"": 0.17668330164765525, ""std"": 0.2908266941303597}]",0.0001474632528967,0.0001742208253608,3,4,Moyenne buts des 5 participations précédentes contre adversaire,Boxscores NHL historiques; rapport NHL PP pour TOI PP,Participations strictement antérieures; saison précédente déjà terminée,Aucune fuite actuelle détectée; archive point-in-time des corrections source non disponible,"{""buts_vs_adv_shrunk"": 0.7398900743074164, ""points_vs_adv_5"": 0.6333805515033955, ""points_vs_adv_shrunk"": 0.534761642837733}","Comparer saisons: moyennes, écarts-types et manquants fournis; defaults historiques peuvent masquer indisponibilité"
tirs_vs_adv_5,head_to_head,0.2790586807662304,78,1.2125180945216996,"[{""season"": 20242025, ""missing"": 0.4302974901134715, ""mean"": 1.629861401795265, ""std"": 1.349715573895491}, {""season"": 20252026, ""missing"": 0.09774865991661703, ""mean"": 1.6215955499225463, ""std"": 1.0973205055727975}]",-0.0002957054691885,4.78192528883026e-05,0,4,Moyenne tirs des 5 participations précédentes contre adversaire,Boxscores NHL historiques; rapport NHL PP pour TOI PP,Participations strictement antérieures; saison précédente déjà terminée,Aucune fuite actuelle détectée; archive point-in-time des corrections source non disponible,"{""tirs_vs_adv_shrunk"": 0.824873229088353, ""tirs_moy_10"": 0.4899678573200836, ""points_vs_adv_shrunk"": 0.4535561691493279}","Comparer saisons: moyennes, écarts-types et manquants fournis; defaults historiques peuvent masquer indisponibilité"
points_vs_adv_shrunk,head_to_head,0.0,920,0.3642704692754029,"[{""season"": 20242025, ""missing"": 0.0, ""mean"": 0.44431387630385066, ""std"": 0.37426142867594225}, {""season"": 20252026, ""missing"": 0.0, ""mean"": 0.4567553874084511, ""std"": 0.35180384850098945}]",0.0006970638953811,0.0004017089355353,4,4,(points vs adversaire 5 × nombre antérieur + 3 × moyenne joueur 10)/(nombre antérieur+3); fallback moyenne joueur,Boxscores NHL historiques; rapport NHL PP pour TOI PP,Participations strictement antérieures; saison précédente déjà terminée,Aucune fuite actuelle détectée; archive point-in-time des corrections source non disponible,"{""points_moy_10"": 0.8788953668574518, ""point_hit_rate_last_10"": 0.8178001439804965, ""points_vs_adv_5"": 0.791693741157368}","Comparer saisons: moyennes, écarts-types et manquants fournis; defaults historiques peuvent masquer indisponibilité"
buts_vs_adv_shrunk,head_to_head,0.0,438,0.1903860640693426,"[{""season"": 20242025, ""missing"": 0.0, ""mean"": 0.16558250446331466, ""std"": 0.19662647916496942}, {""season"": 20252026, ""missing"": 0.0, ""mean"": 0.17018363493568098, ""std"": 0.18259474106535745}]",-0.0001055516850849,0.0003245326703966,1,4,(buts vs adversaire 5 × nombre antérieur + 3 × moyenne joueur 10)/(nombre antérieur+3); fallback moyenne joueur,Boxscores NHL historiques; rapport NHL PP pour TOI PP,Participations strictement antérieures; saison précédente déjà terminée,Aucune fuite actuelle détectée; archive point-in-time des corrections source non disponible,"{""buts_moy_10"": 0.8706243640813208, ""buts_vs_adv_5"": 0.7398900743074164, ""points_vs_adv_shrunk"": 0.7267608736824085}","Comparer saisons: moyennes, écarts-types et manquants fournis; defaults historiques peuvent masquer indisponibilité"
tirs_vs_adv_shrunk,head_to_head,0.0,2107,0.8534157012768057,"[{""season"": 20242025, ""missing"": 0.0, ""mean"": 1.5520459213564974, ""std"": 0.880843475280295}, {""season"": 20252026, ""missing"": 0.0, ""mean"": 1.5625001988874814, ""std"": 0.8192992017070023}]",0.0005145739284155,0.0011397082894595,2,4,(tirs vs adversaire 5 × nombre antérieur + 3 × moyenne joueur 10)/(nombre antérieur+3); fallback moyenne joueur,Boxscores NHL historiques; rapport NHL PP pour TOI PP,Participations strictement antérieures; saison précédente déjà terminée,Aucune fuite actuelle détectée; archive point-in-time des corrections source non disponible,"{""tirs_moy_10"": 0.909821198110716, ""tirs_vs_adv_5"": 0.824873229088353, ""tirs_moy_5"": 0.8183759438417487}","Comparer saisons: moyennes, écarts-types et manquants fournis; defaults historiques peuvent masquer indisponibilité"
jours_absence_pre_match,return_absence,0.0,89,4.75140904381426,"[{""season"": 20242025, ""missing"": 0.0, ""mean"": 2.899684028536794, ""std"": 4.702212560122459}, {""season"": 20252026, ""missing"": 0.0, ""mean"": 2.915878499106611, ""std"": 4.809765480184383}]",0.0,0.0,0,4,"Jours depuis dernière participation de la même saison, bornés 0–90; défaut 3",Boxscores NHL historiques; rapport NHL PP pour TOI PP,Participations strictement antérieures; saison précédente déjà terminée,Aucune fuite actuelle détectée; archive point-in-time des corrections source non disponible,"{""jours_repos_raw"": 0.999999999828572, ""jours_repos"": 0.9961474821368556, ""jours_repos_team"": 0.8955162322751574}","Comparer saisons: moyennes, écarts-types et manquants fournis; defaults historiques peuvent masquer indisponibilité"
games_missed_proxy,return_absence,0.0,86,4.432980825599837,"[{""season"": 20242025, ""missing"": 0.0, ""mean"": 0.6049760537350212, ""std"": 4.398926091114776}, {""season"": 20252026, ""missing"": 0.0, ""mean"": 0.69355568790947, ""std"": 4.4730393867535}]",0.0,0.0,0,4,"max(jours_absence_pre_match − 4, 0); proxy en jours, PAS matchs manqués observés",Boxscores NHL historiques; rapport NHL PP pour TOI PP,Participations strictement antérieures; saison précédente déjà terminée,Aucune fuite actuelle détectée; archive point-in-time des corrections source non disponible,"{""absence_longue_flag"": 0.7013008602935747, ""jours_repos_raw"": 0.4681854129482914, ""jours_absence_pre_match"": 0.4612450123483117}","Comparer saisons: moyennes, écarts-types et manquants fournis; defaults historiques peuvent masquer indisponibilité"
absence_longue_flag,return_absence,0.0,2,0.1687596918830575,"[{""season"": 20242025, ""missing"": 0.0, ""mean"": 0.02815921782158542, ""std"": 0.16542919971449999}, {""season"": 20252026, ""missing"": 0.0, ""mean"": 0.030756402620607505, ""std"": 0.17265907601580968}]",0.0,0.0,0,4,Intervalle de participation >=10 jours dans la même saison; PAS blessure confirmée,Boxscores NHL historiques; rapport NHL PP pour TOI PP,Participations strictement antérieures; saison précédente déjà terminée,Aucune fuite actuelle détectée; archive point-in-time des corrections source non disponible,"{""games_missed_proxy"": 0.7013008602935747, ""jours_repos_raw"": 0.3284472497906228, ""jours_absence_pre_match"": 0.3234715239659915}","Comparer saisons: moyennes, écarts-types et manquants fournis; defaults historiques peuvent masquer indisponibilité"
retour_episode,return_absence,0.0,13,1.2656451829975377,"[{""season"": 20242025, ""missing"": 0.0, ""mean"": 0.6790008147691818, ""std"": 0.8924019070862613}, {""season"": 20252026, ""missing"": 0.0, ""mean"": 1.9703871351995235, ""std"": 1.2877380150604265}]",-0.0003958445509248,0.000177382124846,0,4,Nombre cumulé des épisodes absence_longue_flag du joueur,Boxscores NHL historiques; rapport NHL PP pour TOI PP,Participations strictement antérieures; saison précédente déjà terminée,Aucune fuite actuelle détectée; archive point-in-time des corrections source non disponible,"{""return_from_absence_flag"": 0.8422155945201811, ""ratio_toi_retour_vs_pre_absence"": 0.6621794869339233, ""nb_matchs_avant_match"": 0.6342169841141211}","Comparer saisons: moyennes, écarts-types et manquants fournis; defaults historiques peuvent masquer indisponibilité"
return_from_absence_flag,return_absence,0.0,2,0.4670001866912054,"[{""season"": 20242025, ""missing"": 0.0, ""mean"": 0.46574988573359033, ""std"": 0.49883050684979874}, {""season"": 20252026, ""missing"": 0.0, ""mean"": 0.9338653960690887, ""std"": 0.24852019938096048}]",0.0,0.0,0,4,retour_episode > 0; reste actif après une ancienne absence,Boxscores NHL historiques; rapport NHL PP pour TOI PP,Participations strictement antérieures; saison précédente déjà terminée,Aucune fuite actuelle détectée; archive point-in-time des corrections source non disponible,"{""retour_episode"": 0.8422155945201811, ""ratio_toi_retour_vs_pre_absence"": 0.7911431416316426, ""nb_matchs_avant_match"": 0.6786552518723311}","Comparer saisons: moyennes, écarts-types et manquants fournis; defaults historiques peuvent masquer indisponibilité"
matchs_depuis_retour_avant_match,return_absence,0.0,107,21.086403987126523,"[{""season"": 20242025, ""missing"": 0.0, ""mean"": 18.0097971026013, ""std"": 14.30430144903696}, {""season"": 20252026, ""missing"": 0.0, ""mean"": 31.550827873734367, ""std"": 25.148034251979386}]",-0.0001218174708969,0.0002337007900084,1,4,Nombre de matchs précédents dans le dernier épisode du joueur,Boxscores NHL historiques; rapport NHL PP pour TOI PP,Participations strictement antérieures; saison précédente déjà terminée,Aucune fuite actuelle détectée; archive point-in-time des corrections source non disponible,"{""nb_matchs_joues_10"": 0.4148137020821865, ""hist_ok_10"": 0.4101116640700372, ""nb_matchs_avant_match"": 0.3982737078927076}","Comparer saisons: moyennes, écarts-types et manquants fournis; defaults historiques peuvent masquer indisponibilité"
toi_pre_absence_ref,return_absence,0.3213573719337783,2471,4.20079145055657,"[{""season"": 20242025, ""missing"": 0.5342501142664097, ""mean"": 16.227729464930526, ""std"": 4.195380825116543}, {""season"": 20252026, ""missing"": 0.06613460393091125, ""mean"": 16.599610336033297, ""std"": 4.197917553739658}]",0.0004977138564818,0.0005382365595143,3,4,TOI moyen 10 pré-match figé au début de l’épisode puis propagé,Boxscores NHL historiques; rapport NHL PP pour TOI PP,Participations strictement antérieures; saison précédente déjà terminée,Aucune fuite actuelle détectée; archive point-in-time des corrections source non disponible,"{""toi_moy_10"": 0.8966348364662611, ""toi_moy_5"": 0.8651395904449234, ""toi_moy_retour_3_avant_match"": 0.8311364651545652}","Comparer saisons: moyennes, écarts-types et manquants fournis; defaults historiques peuvent masquer indisponibilité"
pp_pre_absence_ref,return_absence,0.3213573719337783,1128,1.308343096596977,"[{""season"": 20242025, ""missing"": 0.5342501142664097, ""mean"": 1.1705021973802108, ""std"": 1.2737702107235627}, {""season"": 20252026, ""missing"": 0.06613460393091125, ""mean"": 1.2813337004061895, ""std"": 1.3268696414394197}]",0.003584210977731,0.001390367002033,4,4,TOI PP moyen 5 pré-match figé au début de l’épisode puis propagé,Boxscores NHL historiques; rapport NHL PP pour TOI PP,Participations strictement antérieures; saison précédente déjà terminée,Aucune fuite actuelle détectée; archive point-in-time des corrections source non disponible,"{""pp_moy_5"": 0.8310429806802656, ""pp_moy_retour_3_avant_match"": 0.7831535960933885, ""points_per_game_weighted_pre"": 0.7401525301511904}","Comparer saisons: moyennes, écarts-types et manquants fournis; defaults historiques peuvent masquer indisponibilité"
toi_moy_retour_3_avant_match,return_absence,0.0406518158966802,8995,4.251786297221093,"[{""season"": 20242025, ""missing"": 0.046521333041871185, ""mean"": 16.668176902413045, ""std"": 4.22452889200239}, {""season"": 20252026, ""missing"": 0.03361524717093508, ""mean"": 16.660029555489817, ""std"": 4.283851011561155}]",0.0037086129284819,0.0019743121919899,4,4,Moyenne des 3 TOI précédents du même épisode,Boxscores NHL historiques; rapport NHL PP pour TOI PP,Participations strictement antérieures; saison précédente déjà terminée,Aucune fuite actuelle détectée; archive point-in-time des corrections source non disponible,"{""toi_moy_5"": 0.9761397152185388, ""toi_moy_10"": 0.952438886847509, ""toi_pre_absence_ref"": 0.8311364651545652}","Comparer saisons: moyennes, écarts-types et manquants fournis; defaults historiques peuvent masquer indisponibilité"
pp_moy_retour_3_avant_match,return_absence,0.0406518158966802,4735,1.4257097411728987,"[{""season"": 20242025, ""missing"": 0.046521333041871185, ""mean"": 1.2792429137140475, ""std"": 1.3899674240433992}, {""season"": 20252026, ""missing"": 0.03361524717093508, ""mean"": 1.3415410763786173, ""std"": 1.466162868707583}]",-8.067137458240122e-05,0.0009400793285737,1,4,Moyenne des 3 TOI PP précédents du même épisode; PP inconnu conservé inconnu,Boxscores NHL historiques; rapport NHL PP pour TOI PP,Participations strictement antérieures; saison précédente déjà terminée,Aucune fuite actuelle détectée; archive point-in-time des corrections source non disponible,"{""pp_moy_5"": 0.9590525596856788, ""pp_pre_absence_ref"": 0.7831535960933885, ""points_per_game_weighted_pre"": 0.7059592745251837}","Comparer saisons: moyennes, écarts-types et manquants fournis; defaults historiques peuvent masquer indisponibilité"
ratio_toi_retour_vs_pre_absence,return_absence,0.0,58476,0.5402460872830551,"[{""season"": 20242025, ""missing"": 0.0, ""mean"": 0.45504009568190035, ""std"": 0.5791237743081395}, {""season"": 20252026, ""missing"": 0.0, ""mean"": 0.9254145889061735, ""std"": 0.345063313707831}]",-0.0001706933522787,0.0002533694272173,1,4,TOI retour 3 / référence avant absence; défaut fixe 0 si ratio indisponible,Boxscores NHL historiques; rapport NHL PP pour TOI PP,Participations strictement antérieures; saison précédente déjà terminée,Aucune fuite actuelle détectée; archive point-in-time des corrections source non disponible,"{""return_from_absence_flag"": 0.7911431416316426, ""retour_episode"": 0.6621794869339233, ""historical_prev_weight"": -0.5952379884850382}","Comparer saisons: moyennes, écarts-types et manquants fournis; defaults historiques peuvent masquer indisponibilité"
ratio_pp_retour_vs_pre_absence,return_absence,0.0,34315,20.839571749998136,"[{""season"": 20242025, ""missing"": 0.0, ""mean"": 1.238510657869764, ""std"": 18.374904891750745}, {""season"": 20252026, ""missing"": 0.0, ""mean"": 2.7611290658647776, ""std"": 23.428667049117458}]",0.000135545086699,0.0005169774673589,3,4,PP retour 3 / référence avant absence; défaut fixe 0 si ratio indisponible,Boxscores NHL historiques; rapport NHL PP pour TOI PP,Participations strictement antérieures; saison précédente déjà terminée,Aucune fuite actuelle détectée; archive point-in-time des corrections source non disponible,"{""return_from_absence_flag"": 0.6062164802328726, ""ratio_toi_retour_vs_pre_absence"": 0.5950154643971827, ""historical_prev_weight"": -0.5810867619735329}","Comparer saisons: moyennes, écarts-types et manquants fournis; defaults historiques peuvent masquer indisponibilité"
return_stabilized_flag,return_absence,0.0,2,0.4883235475928584,"[{""season"": 20242025, ""missing"": 0.0, ""mean"": 0.24987579738081517, ""std"": 0.43294527157864404}, {""season"": 20252026, ""missing"": 0.0, ""mean"": 0.5636212030970816, ""std"": 0.49594173261788377}]",2.0875953675890665e-06,7.927291265601776e-05,3,4,"Épisode>0, >=3 matchs depuis retour, TOI retour>=15 et ratio TOI>=0,75",Boxscores NHL historiques; rapport NHL PP pour TOI PP,Participations strictement antérieures; saison précédente déjà terminée,Aucune fuite actuelle détectée; archive point-in-time des corrections source non disponible,"{""historical_prev_weight"": -1.0, ""historical_current_weight"": 1.0, ""toi_pre_absence_ref"": 0.6126507491453784}","Comparer saisons: moyennes, écarts-types et manquants fournis; defaults historiques peuvent masquer indisponibilité"
historical_current_weight,return_absence,0.0,2,0.0976647095185717,"[{""season"": 20242025, ""missing"": 0.0, ""mean"": 0.649975159476163, ""std"": 0.08658905431572884}, {""season"": 20252026, ""missing"": 0.0, ""mean"": 0.7127242406194163, ""std"": 0.09918834652357678}]",0.0,0.0,0,4,"0,80 si retour stabilisé, sinon 0,60",Boxscores NHL historiques; rapport NHL PP pour TOI PP,Participations strictement antérieures; saison précédente déjà terminée,Aucune fuite actuelle détectée; archive point-in-time des corrections source non disponible,"{""historical_prev_weight"": -1.0, ""return_stabilized_flag"": 1.0, ""toi_pre_absence_ref"": 0.6126507491453784}","Comparer saisons: moyennes, écarts-types et manquants fournis; defaults historiques peuvent masquer indisponibilité"
historical_prev_weight,return_absence,0.0,2,0.0976647095185717,"[{""season"": 20242025, ""missing"": 0.0, ""mean"": 0.3500248405238369, ""std"": 0.08658905431572886}, {""season"": 20252026, ""missing"": 0.0, ""mean"": 0.2872757593805836, ""std"": 0.09918834652357682}]",7.353770188428532e-06,1.8714658248885057e-05,1,4,1 − historical_current_weight,Boxscores NHL historiques; rapport NHL PP pour TOI PP,Participations strictement antérieures; saison précédente déjà terminée,Aucune fuite actuelle détectée; archive point-in-time des corrections source non disponible,"{""historical_current_weight"": -1.0, ""return_stabilized_flag"": -1.0, ""toi_pre_absence_ref"": -0.6126507491453784}","Comparer saisons: moyennes, écarts-types et manquants fournis; defaults historiques peuvent masquer indisponibilité"
point_hit_rate_last_5,recent_scoring,0.0,12,0.2611000548316446,"[{""season"": 20242025, ""missing"": 0.0, ""mean"": 0.34636533455217505, ""std"": 0.2628476364858483}, {""season"": 20252026, ""missing"": 0.0, ""mean"": 0.3470851697438952, ""std"": 0.25899203693228845}]",0.0001920519751037,0.0007517667792377,2,4,Fréquence POINT 1+ des 5 participations précédentes; shift(1) avant rolling,Boxscores NHL historiques; rapport NHL PP pour TOI PP,Participations strictement antérieures; saison précédente déjà terminée,Aucune fuite actuelle détectée; archive point-in-time des corrections source non disponible,"{""points_moy_5"": 0.9289349316934524, ""points_par_60_5"": 0.8963580973607553, ""point_hit_rate_last_10"": 0.8398098566741232}","Comparer saisons: moyennes, écarts-types et manquants fournis; defaults historiques peuvent masquer indisponibilité"
point_hit_rate_last_10,recent_scoring,0.0,34,0.2220334474541627,"[{""season"": 20242025, ""missing"": 0.0, ""mean"": 0.34648661939554404, ""std"": 0.2262940845390771}, {""season"": 20252026, ""missing"": 0.0, ""mean"": 0.34797146827760284, ""std"": 0.2168152483219184}]",-0.0002735328704428,0.0005839523311733,1,4,Fréquence POINT 1+ des 10 participations précédentes; shift(1) avant rolling,Boxscores NHL historiques; rapport NHL PP pour TOI PP,Participations strictement antérieures; saison précédente déjà terminée,Aucune fuite actuelle détectée; archive point-in-time des corrections source non disponible,"{""points_moy_10"": 0.9345218508146624, ""point_hit_rate_last_20"": 0.8968837849292256, ""point_hit_rate_last_5"": 0.8398098566741232}","Comparer saisons: moyennes, écarts-types et manquants fournis; defaults historiques peuvent masquer indisponibilité"
point_hit_rate_last_20,recent_scoring,0.0,127,0.2012561228904224,"[{""season"": 20242025, ""missing"": 0.0, ""mean"": 0.34701654765892054, ""std"": 0.2087178826865955}, {""season"": 20252026, ""missing"": 0.0, ""mean"": 0.3485352807017709, ""std"": 0.19192794987214623}]",0.0001068927454218,0.0001137296624569,4,4,Fréquence POINT 1+ des 20 participations précédentes; shift(1) avant rolling,Boxscores NHL historiques; rapport NHL PP pour TOI PP,Participations strictement antérieures; saison précédente déjà terminée,Aucune fuite actuelle détectée; archive point-in-time des corrections source non disponible,"{""point_hit_rate_season_pre"": 0.9032973766833976, ""point_hit_rate_last_10"": 0.8968837849292256, ""points_per_game_season_pre"": 0.8889802366020789}","Comparer saisons: moyennes, écarts-types et manquants fournis; defaults historiques peuvent masquer indisponibilité"
point_hit_rate_season_pre,season_history,0.0,2056,0.2015673488687697,"[{""season"": 20242025, ""missing"": 0.0, ""mean"": 0.3485908898065814, ""std"": 0.19904259603330318}, {""season"": 20252026, ""missing"": 0.0, ""mean"": 0.3520710270644045, ""std"": 0.20453927264543567}]",5.3291566969597934e-05,0.0001421086836343,3,4,Fréquence POINT 1+ de saison courante avant match; défaut fixe si inconnue,Boxscores NHL historiques; rapport NHL PP pour TOI PP,Participations strictement antérieures; saison précédente déjà terminée,Aucune fuite actuelle détectée; archive point-in-time des corrections source non disponible,"{""points_per_game_season_pre"": 0.9761303266759968, ""point_hit_rate_weighted_pre"": 0.9597605435239676, ""points_per_game_weighted_pre"": 0.936298122974636}","Comparer saisons: moyennes, écarts-types et manquants fournis; defaults historiques peuvent masquer indisponibilité"
point_hit_rate_prev_season,season_history,0.0,488,0.1253195620454185,"[{""season"": 20242025, ""missing"": 0.0, ""mean"": 0.45000000000000007, ""std"": 5.551170280990889e-17}, {""season"": 20252026, ""missing"": 0.0, ""mean"": 0.3528883028977716, ""std"": 0.17143874717112648}]",0.0012873772606378,0.0024652461757013,1,2,"Fréquence POINT 1+ saison précédente; défaut fixe 0,45 si absente",Boxscores NHL historiques; rapport NHL PP pour TOI PP,Participations strictement antérieures; saison précédente déjà terminée,Aucune fuite actuelle détectée; archive point-in-time des corrections source non disponible,"{""points_per_game_prev_season"": 0.929552834646402, ""points_per_game_weighted_pre"": 0.5620316084773055, ""point_hit_rate_weighted_pre"": 0.5551224340924191}","Comparer saisons: moyennes, écarts-types et manquants fournis; defaults historiques peuvent masquer indisponibilité"
point_hit_rate_weighted_pre,season_history,0.0,28956,0.1545428577373706,"[{""season"": 20242025, ""missing"": 0.0, ""mean"": 0.3868780434771651, ""std"": 0.12755056291159222}, {""season"": 20252026, ""missing"": 0.0, ""mean"": 0.35412975582856837, ""std"": 0.18007693285730544}]",-5.457070016638863e-05,0.0004780924536513,1,4,Mélange des fréquences saison courante/précédente selon poids historiques; fallback disponible,Boxscores NHL historiques; rapport NHL PP pour TOI PP,Participations strictement antérieures; saison précédente déjà terminée,Aucune fuite actuelle détectée; archive point-in-time des corrections source non disponible,"{""points_per_game_weighted_pre"": 0.9797353110166276, ""point_hit_rate_season_pre"": 0.9597605435239676, ""points_per_game_season_pre"": 0.9433226017032682}","Comparer saisons: moyennes, écarts-types et manquants fournis; defaults historiques peuvent masquer indisponibilité"
points_per_game_season_pre,season_history,0.0,3382,0.3270455127624174,"[{""season"": 20242025, ""missing"": 0.0, ""mean"": 0.45945417010760403, ""std"": 0.3240469423332625}, {""season"": 20252026, ""missing"": 0.0, ""mean"": 0.4626859183540443, ""std"": 0.3305997084632936}]",0.002499414229404,0.0019345420993143,4,4,Points cumulés saison courante / matchs précédents; défaut fixe si inconnu,Boxscores NHL historiques; rapport NHL PP pour TOI PP,Participations strictement antérieures; saison précédente déjà terminée,Aucune fuite actuelle détectée; archive point-in-time des corrections source non disponible,"{""point_hit_rate_season_pre"": 0.9761303266759968, ""points_per_game_weighted_pre"": 0.9614428104904144, ""point_hit_rate_weighted_pre"": 0.9433226017032682}","Comparer saisons: moyennes, écarts-types et manquants fournis; defaults historiques peuvent masquer indisponibilité"
points_per_game_prev_season,season_history,0.0,517,0.1914799167087958,"[{""season"": 20242025, ""missing"": 0.0, ""mean"": 0.5499999999999999, ""std"": 1.1102340561981778e-16}, {""season"": 20252026, ""missing"": 0.0, ""mean"": 0.4607768136515349, ""std"": 0.2761880714048532}]",0.0034851022420824,0.0020954510448236,2,2,"Points/match saison précédente; défaut fixe 0,55 si absente",Boxscores NHL historiques; rapport NHL PP pour TOI PP,Participations strictement antérieures; saison précédente déjà terminée,Aucune fuite actuelle détectée; archive point-in-time des corrections source non disponible,"{""point_hit_rate_prev_season"": 0.929552834646402, ""points_per_game_weighted_pre"": 0.582579759900401, ""point_hit_rate_weighted_pre"": 0.5672895353202879}","Comparer saisons: moyennes, écarts-types et manquants fournis; defaults historiques peuvent masquer indisponibilité"
points_per_game_weighted_pre,season_history,0.0,32331,0.2551653803354819,"[{""season"": 20242025, ""missing"": 0.0, ""mean"": 0.4956465842763172, ""std"": 0.21010198571532251}, {""season"": 20252026, ""missing"": 0.0, ""mean"": 0.46475493741586765, ""std"": 0.29954310639562404}]",0.0079454806065446,0.0022316460445115,4,4,Mélange points/match courant/précédent selon poids historiques; fallback disponible,Boxscores NHL historiques; rapport NHL PP pour TOI PP,Participations strictement antérieures; saison précédente déjà terminée,Aucune fuite actuelle détectée; archive point-in-time des corrections source non disponible,"{""point_hit_rate_weighted_pre"": 0.9797353110166276, ""points_per_game_season_pre"": 0.9614428104904144, ""point_hit_rate_season_pre"": 0.936298122974636}","Comparer saisons: moyennes, écarts-types et manquants fournis; defaults historiques peuvent masquer indisponibilité"
recent_vs_expected_gap,season_history,0.0,43063,0.1113901336635417,"[{""season"": 20242025, ""missing"": 0.0, ""mean"": 0.04017945277627039, ""std"": 0.11189006666372091}, {""season"": 20252026, ""missing"": 0.0, ""mean"": 0.005932762581298334, ""std"": 0.1078646201185333}]",0.0001702047506771,0.0005203558826508,2,4,"Fréquence pondérée − (0,6 fréquence 10 + 0,4 fréquence 20); fallbacks pré-match",Boxscores NHL historiques; rapport NHL PP pour TOI PP,Participations strictement antérieures; saison précédente déjà terminée,Aucune fuite actuelle détectée; archive point-in-time des corrections source non disponible,"{""point_hit_rate_last_10"": -0.7380990175156342, ""points_moy_10"": -0.6698551356537504, ""point_hit_rate_last_5"": -0.6049100860881504}","Comparer saisons: moyennes, écarts-types et manquants fournis; defaults historiques peuvent masquer indisponibilité"
current_point_streak_pre,streaks,0.0,21,1.256677210582195,"[{""season"": 20242025, ""missing"": 0.0, ""mean"": 0.6331352715566065, ""std"": 1.2548341361411435}, {""season"": 20252026, ""missing"": 0.0, ""mean"": 0.6419773674806433, ""std"": 1.2588812135058254}]",-5.44126636079936e-05,0.0001700977904505,2,4,"Série POINT 1+ avant match, remise à zéro au changement de saison",Boxscores NHL historiques; rapport NHL PP pour TOI PP,Participations strictement antérieures; saison précédente déjà terminée,Aucune fuite actuelle détectée; archive point-in-time des corrections source non disponible,"{""current_no_point_streak_pre"": -0.8011243475359302, ""point_hit_rate_last_5"": 0.5708342979790504, ""points_moy_5"": 0.5569746064262219}","Comparer saisons: moyennes, écarts-types et manquants fournis; defaults historiques peuvent masquer indisponibilité"
current_no_point_streak_pre,streaks,0.0,43,3.4587066101019777,"[{""season"": 20242025, ""missing"": 0.0, ""mean"": 2.4112795850638897, ""std"": 3.5424468947518015}, {""season"": 20252026, ""missing"": 0.0, ""mean"": 2.3047051816557476, ""std"": 3.354681951756652}]",-0.0004988147473057,0.0005971468652145,1,4,"Série sans point avant match, remise à zéro au changement de saison",Boxscores NHL historiques; rapport NHL PP pour TOI PP,Participations strictement antérieures; saison précédente déjà terminée,Aucune fuite actuelle détectée; archive point-in-time des corrections source non disponible,"{""current_point_streak_pre"": -0.8011243475359302, ""point_hit_rate_last_5"": -0.7262867609713487, ""points_moy_5"": -0.6725249898870006}","Comparer saisons: moyennes, écarts-types et manquants fournis; defaults historiques peuvent masquer indisponibilité"
max_point_streak_last_2_seasons_pre,streaks,0.0,21,2.628058503411598,"[{""season"": 20242025, ""missing"": 0.0, ""mean"": 3.05216510005763, ""std"": 2.3823595979244003}, {""season"": 20252026, ""missing"": 0.0, ""mean"": 4.272400238237046, ""std"": 2.751520004585881}]",0.0001519736201015,0.0002932611286242,3,4,Plus longue série POINT 1+ connue dans saison courante/précédente avant match,Boxscores NHL historiques; rapport NHL PP pour TOI PP,Participations strictement antérieures; saison précédente déjà terminée,Aucune fuite actuelle détectée; archive point-in-time des corrections source non disponible,"{""count_5plus_point_streaks_last_2_seasons_pre"": 0.7764629637554451, ""pp_pre_absence_ref"": 0.6931520564703808, ""points_per_game_season_pre"": 0.6735328363741009}","Comparer saisons: moyennes, écarts-types et manquants fournis; defaults historiques peuvent masquer indisponibilité"
max_no_point_streak_last_2_seasons_pre,streaks,0.0,47,5.604589132557674,"[{""season"": 20242025, ""missing"": 0.0, ""mean"": 6.991514477057292, ""std"": 5.0246636867138434}, {""season"": 20252026, ""missing"": 0.0, ""mean"": 10.080571768910065, ""std"": 5.79649132045346}]",-6.2236835296375e-05,0.0006121216990832,2,4,Plus longue série sans point connue dans saison courante/précédente avant match,Boxscores NHL historiques; rapport NHL PP pour TOI PP,Participations strictement antérieures; saison précédente déjà terminée,Aucune fuite actuelle détectée; archive point-in-time des corrections source non disponible,"{""point_hit_rate_weighted_pre"": -0.6346158693187988, ""points_per_game_weighted_pre"": -0.6255673593484665, ""pp_pre_absence_ref"": -0.6139227411824162}","Comparer saisons: moyennes, écarts-types et manquants fournis; defaults historiques peuvent masquer indisponibilité"
count_5plus_point_streaks_last_2_seasons_pre,streaks,0.0,13,1.3346553284005136,"[{""season"": 20242025, ""missing"": 0.0, ""mean"": 0.32203255102243594, ""std"": 0.8032928865980395}, {""season"": 20252026, ""missing"": 0.0, ""mean"": 0.9224300178677785, ""std"": 1.7165999529700138}]",0.0001381142013753,0.0007242139722797,2,4,Nombre de séries ayant atteint 5 POINT 1+ dans courant/précédent avant match,Boxscores NHL historiques; rapport NHL PP pour TOI PP,Participations strictement antérieures; saison précédente déjà terminée,Aucune fuite actuelle détectée; archive point-in-time des corrections source non disponible,"{""max_point_streak_last_2_seasons_pre"": 0.7764629637554451, ""pp_pre_absence_ref"": 0.6217881739091486, ""points_per_game_weighted_pre"": 0.6049780510601872}","Comparer saisons: moyennes, écarts-types et manquants fournis; defaults historiques peuvent masquer indisponibilité"
is_home_team,schedule,0.0,2,0.5000027085810519,"[{""season"": 20242025, ""missing"": 0.0, ""mean"": 0.49997019137139564, ""std"": 0.5000049672902517}, {""season"": 20252026, ""missing"": 0.0, ""mean"": 0.500011911852293, ""std"": 0.5000059558906739}]",0.0,0.0,0,4,Équipe à domicile; doublon exact de is_home_player dans cet historique,Calendrier et résultats NHL historiques,Match courant: métadonnées seulement; résultats antérieurs uniquement,Aucune fuite actuelle détectée; archive point-in-time des corrections source non disponible,"{""is_home_player"": 1.0, ""consecutive_away_games"": -0.9325710049000064, ""team_back_to_back_away"": -0.333394323126428}","Comparer saisons: moyennes, écarts-types et manquants fournis; defaults historiques peuvent masquer indisponibilité"
jours_repos_team,schedule,0.0,9,1.5353449424882857,"[{""season"": 20242025, ""missing"": 0.0, ""mean"": 2.3559150255360586, ""std"": 1.5048514674356097}, {""season"": 20252026, ""missing"": 0.0, ""mean"": 2.283478260869565, ""std"": 1.5702289662284397}]",-5.129304474355002e-05,0.0006756142566769,2,4,"Jours depuis match précédent équipe/saison, bornés 0–14; défaut 3",Calendrier et résultats NHL historiques,Match courant: métadonnées seulement; résultats antérieurs uniquement,Aucune fuite actuelle détectée; archive point-in-time des corrections source non disponible,"{""jours_repos_raw"": 0.902688585023534, ""jours_absence_pre_match"": 0.8955162322751574, ""jours_repos"": 0.8893692699268945}","Comparer saisons: moyennes, écarts-types et manquants fournis; defaults historiques peuvent masquer indisponibilité"
team_back_to_back,schedule,0.0,2,0.3574086323864049,"[{""season"": 20242025, ""missing"": 0.0, ""mean"": 0.14234613779535382, ""std"": 0.3494082726511443}, {""season"": 20252026, ""missing"": 0.0, ""mean"": 0.15992852888624182, ""std"": 0.36654412470903686}]",7.378750236569643e-06,9.859908884484364e-06,2,4,jours_repos_team <= 1,Calendrier et résultats NHL historiques,Match courant: métadonnées seulement; résultats antérieurs uniquement,Aucune fuite actuelle détectée; archive point-in-time des corrections source non disponible,"{""team_back_to_back_away"": 0.7925905407637602, ""jours_repos_team"": -0.6979217342219228, ""jours_repos_raw"": -0.6282406515534327}","Comparer saisons: moyennes, écarts-types et manquants fournis; defaults historiques peuvent masquer indisponibilité"
team_back_to_back_away,schedule,0.0,2,0.300050736536204,"[{""season"": 20242025, ""missing"": 0.0, ""mean"": 0.09908388148089267, ""std"": 0.29877757593814025}, {""season"": 20252026, ""missing"": 0.0, ""mean"": 0.10117927337701013, ""std"": 0.30156955191719437}]",0.0002153578930963,0.0004577725954082,2,4,Back-to-back et match courant à l’extérieur,Calendrier et résultats NHL historiques,Match courant: métadonnées seulement; résultats antérieurs uniquement,Aucune fuite actuelle détectée; archive point-in-time des corrections source non disponible,"{""team_back_to_back"": 0.7925905407637602, ""jours_repos_team"": -0.5531661647377352, ""jours_repos_raw"": -0.4987051596852841}","Comparer saisons: moyennes, écarts-types et manquants fournis; defaults historiques peuvent masquer indisponibilité"
consecutive_away_games,schedule,0.0,10,1.4107115165287851,"[{""season"": 20242025, ""missing"": 0.0, ""mean"": 1.031159953101091, ""std"": 1.3645752467361838}, {""season"": 20252026, ""missing"": 0.0, ""mean"": 1.1024419297200714, ""std"": 1.463176280006465}]",0.0003775010728956,0.0007328223791576,3,4,Nombre de matchs extérieurs consécutifs incluant le match programmé,Calendrier et résultats NHL historiques,Match courant: métadonnées seulement; résultats antérieurs uniquement,Aucune fuite actuelle détectée; archive point-in-time des corrections source non disponible,"{""is_home_player"": -0.9325710049000064, ""is_home_team"": -0.9325710049000064, ""team_back_to_back_away"": 0.3429692265599584}","Comparer saisons: moyennes, écarts-types et manquants fournis; defaults historiques peuvent masquer indisponibilité"
team_winrate_5,team_form,0.0,11,0.2380720115163357,"[{""season"": 20242025, ""missing"": 0.0, ""mean"": 0.5040420500387512, ""std"": 0.23560052684078903}, {""season"": 20252026, ""missing"": 0.0, ""mean"": 0.49939249553305537, ""std"": 0.24097986293508597}]",0.0005782853505923,0.0006935911138004,3,4,Taux de victoires des 5 matchs précédents équipe/saison,Calendrier et résultats NHL historiques,Match courant: métadonnées seulement; résultats antérieurs uniquement,Aucune fuite actuelle détectée; archive point-in-time des corrections source non disponible,"{""team_ga_moy_5"": -0.6565326987557982, ""team_gf_moy_5"": 0.635593603182422, ""l10_points_pre"": 0.5769467898420064}","Comparer saisons: moyennes, écarts-types et manquants fournis; defaults historiques peuvent masquer indisponibilité"
team_gf_moy_5,team_form,0.0,50,0.8167062218916159,"[{""season"": 20242025, ""missing"": 0.0, ""mean"": 3.048238310049483, ""std"": 0.8263419053146535}, {""season"": 20252026, ""missing"": 0.0, ""mean"": 3.1057391304347823, ""std"": 0.8038920169315756}]",0.0006658341385805,0.0008490025991284,3,4,Buts marqués moyens des 5 matchs précédents équipe/saison,Calendrier et résultats NHL historiques,Match courant: métadonnées seulement; résultats antérieurs uniquement,Aucune fuite actuelle détectée; archive point-in-time des corrections source non disponible,"{""team_winrate_5"": 0.635593603182422, ""l10_points_pre"": 0.3927275149394501, ""point_pctg_pre"": 0.3665239317856639}","Comparer saisons: moyennes, écarts-types et manquants fournis; defaults historiques peuvent masquer indisponibilité"
team_ga_moy_5,team_form,0.0,56,0.8426055024926854,"[{""season"": 20242025, ""missing"": 0.0, ""mean"": 3.033208799507164, ""std"": 0.855963019227494}, {""season"": 20252026, ""missing"": 0.0, ""mean"": 3.1075521143537825, ""std"": 0.8244922745751377}]",0.0013176691388444,0.0008954088604036,4,4,Buts encaissés moyens des 5 matchs précédents équipe/saison,Calendrier et résultats NHL historiques,Match courant: métadonnées seulement; résultats antérieurs uniquement,Aucune fuite actuelle détectée; archive point-in-time des corrections source non disponible,"{""team_winrate_5"": -0.6565326987557982, ""l10_points_pre"": -0.4451314783298941, ""point_pctg_pre"": -0.4196632737221921}","Comparer saisons: moyennes, écarts-types et manquants fournis; defaults historiques peuvent masquer indisponibilité"
team_games_played_pre_approx,sample_depth,0.0,105,23.98875202090191,"[{""season"": 20242025, ""missing"": 0.0, ""mean"": 43.44883845710538, ""std"": 25.69974008029865}, {""season"": 20252026, ""missing"": 0.0, ""mean"": 35.941560452650386, ""std"": 21.043396818684304}]",-6.594746365041194e-05,9.327326217157236e-05,0,4,Nombre de matchs antérieurs équipe/saison dans historique,Calendrier et résultats NHL historiques,Match courant: métadonnées seulement; résultats antérieurs uniquement,Aucune fuite actuelle détectée; archive point-in-time des corrections source non disponible,"{""games_played_team_pre"": 1.0, ""games_remaining_team_pre"": -0.9999812221365711, ""conference_cutoff_points_pre"": 0.9962005911942416}","Comparer saisons: moyennes, écarts-types et manquants fournis; defaults historiques peuvent masquer indisponibilité"
games_played_team_pre,standings,0.0,105,23.98875202090191,"[{""season"": 20242025, ""missing"": 0.0, ""mean"": 43.44883845710538, ""std"": 25.69974008029865}, {""season"": 20252026, ""missing"": 0.0, ""mean"": 35.941560452650386, ""std"": 21.043396818684304}]",0.0,0.0,0,4,"Matchs joués pré-match, contexte standings/fallback compteur équipe-saison",NHL standings datés + calendrier équipe (fallback),"Snapshot strictement antérieur, saison/fraîcheur contrôlées; calendrier connu",Aucune fuite actuelle détectée; archive point-in-time des corrections source non disponible,"{""team_games_played_pre_approx"": 1.0, ""games_remaining_team_pre"": -0.9999812221365711, ""conference_cutoff_points_pre"": 0.9962005911942416}","Comparer saisons: moyennes, écarts-types et manquants fournis; defaults historiques peuvent masquer indisponibilité"
games_remaining_team_pre,standings,0.0,83,23.55335263910148,"[{""season"": 20242025, ""missing"": 0.0, ""mean"": 38.950000993620954, ""std"": 25.003220063887664}, {""season"": 20252026, ""missing"": 0.0, ""mean"": 46.058439547349614, ""std"": 21.043396818684304}]",-8.585583188546099e-05,7.533194181636557e-05,0,4,"Nombre de matchs de saison régulière − matchs joués pré-match, borné",NHL standings datés + calendrier équipe (fallback),"Snapshot strictement antérieur, saison/fraîcheur contrôlées; calendrier connu",Aucune fuite actuelle détectée; archive point-in-time des corrections source non disponible,"{""games_played_team_pre"": -0.9999812221365711, ""team_games_played_pre_approx"": -0.9999812221365711, ""conference_cutoff_points_pre"": -0.9962005911942416}","Comparer saisons: moyennes, écarts-types et manquants fournis; defaults historiques peuvent masquer indisponibilité"
team_points_pre,standings,0.0331541995319407,115,26.35284783112373,"[{""season"": 20242025, ""missing"": 0.0586633810933805, ""mean"": 44.87139268297832, ""std"": 27.63331923527837}, {""season"": 20252026, ""missing"": 0.0025729600952948185, ""mean"": 40.76728688465856, ""std"": 24.64417569515796}]",-0.0009521932567771,0.0022565605581886,2,4,Points équipe au snapshot standings valide antérieur au match,NHL standings datés + calendrier équipe (fallback),"Snapshot strictement antérieur, saison/fraîcheur contrôlées; calendrier connu",Aucune fuite actuelle détectée; archive point-in-time des corrections source non disponible,"{""conference_cutoff_points_pre"": 0.9624696296412438, ""games_played_team_pre"": 0.961855021974428, ""team_games_played_pre_approx"": 0.961855021974428}","Comparer saisons: moyennes, écarts-types et manquants fournis; defaults historiques peuvent masquer indisponibilité"
conference_rank_pre,standings,0.0,17,4.516579573383662,"[{""season"": 20242025, ""missing"": 0.0, ""mean"": 8.575326404483217, ""std"": 4.450859416805686}, {""season"": 20252026, ""missing"": 0.0, ""mean"": 8.641977367480644, ""std"": 4.5939176712447045}]",-0.0001884634653965,0.0008637908985306,2,4,Rang de conférence au snapshot antérieur; défaut fixe si absent,NHL standings datés + calendrier équipe (fallback),"Snapshot strictement antérieur, saison/fraîcheur contrôlées; calendrier connu",Aucune fuite actuelle détectée; archive point-in-time des corrections source non disponible,"{""division_rank_pre"": 0.962681986770386, ""wildcard_distance_pre"": -0.9312473356798456, ""point_pctg_pre"": -0.9191688707068684}","Comparer saisons: moyennes, écarts-types et manquants fournis; defaults historiques peuvent masquer indisponibilité"
division_rank_pre,standings,0.0,9,2.2453090884560107,"[{""season"": 20242025, ""missing"": 0.0, ""mean"": 4.5314282307585305, ""std"": 2.211557957195265}, {""season"": 20252026, ""missing"": 0.0, ""mean"": 4.565646217986897, ""std"": 2.2850008533797284}]",-7.937586922655799e-05,0.000138868907863,1,4,Rang de division au snapshot antérieur; défaut fixe si absent,NHL standings datés + calendrier équipe (fallback),"Snapshot strictement antérieur, saison/fraîcheur contrôlées; calendrier connu",Aucune fuite actuelle détectée; archive point-in-time des corrections source non disponible,"{""conference_rank_pre"": 0.962681986770386, ""wildcard_distance_pre"": -0.9001575967847568, ""point_pctg_pre"": -0.8846744734604902}","Comparer saisons: moyennes, écarts-types et manquants fournis; defaults historiques peuvent masquer indisponibilité"
conference_cutoff_points_pre,standings,0.0331541995319407,92,25.528576761984933,"[{""season"": 20242025, ""missing"": 0.0586633810933805, ""mean"": 45.23625155692542, ""std"": 26.65734386992656}, {""season"": 20252026, ""missing"": 0.0025729600952948185, ""mean"": 40.9594907683856, ""std"": 23.98681408998161}]",0.0003539050189737,0.0003188497422325,3,4,Seuil de points qualification conférence du snapshot antérieur,NHL standings datés + calendrier équipe (fallback),"Snapshot strictement antérieur, saison/fraîcheur contrôlées; calendrier connu",Aucune fuite actuelle détectée; archive point-in-time des corrections source non disponible,"{""games_remaining_team_pre"": -0.9962005911942416, ""games_played_team_pre"": 0.9962005911942416, ""team_games_played_pre_approx"": 0.9962005911942416}","Comparer saisons: moyennes, écarts-types et manquants fournis; defaults historiques peuvent masquer indisponibilité"
wildcard_distance_pre,standings,0.0,71,7.817915610987124,"[{""season"": 20242025, ""missing"": 0.0, ""mean"": -0.343455018779436, ""std"": 8.649686241530176}, {""season"": 20252026, ""missing"": 0.0, ""mean"": -0.19170935080405002, ""std"": 6.684901610028538}]",0.0004254863698098,0.000682517910169,3,4,Points équipe − seuil conférence; défaut fixe si absent,NHL standings datés + calendrier équipe (fallback),"Snapshot strictement antérieur, saison/fraîcheur contrôlées; calendrier connu",Aucune fuite actuelle détectée; archive point-in-time des corrections source non disponible,"{""conference_rank_pre"": -0.9312473356798456, ""division_rank_pre"": -0.9001575967847568, ""goal_differential_pre"": 0.8601261765972228}","Comparer saisons: moyennes, écarts-types et manquants fournis; defaults historiques peuvent masquer indisponibilité"
point_pctg_pre,standings,0.0440755829071682,1244,0.1283119608206724,"[{""season"": 20242025, ""missing"": 0.0693944873909501, ""mean"": 0.5521062047235686, ""std"": 0.13288174261669278}, {""season"": 20252026, ""missing"": 0.013722453841572365, ""mean"": 0.5644924029807482, ""std"": 0.1226081871760733}]",0.0006079430059287,0.0010979637457761,3,4,Pourcentage de points équipe au snapshot antérieur,NHL standings datés + calendrier équipe (fallback),"Snapshot strictement antérieur, saison/fraîcheur contrôlées; calendrier connu",Aucune fuite actuelle détectée; archive point-in-time des corrections source non disponible,"{""conference_rank_pre"": -0.9191688707068684, ""division_rank_pre"": -0.8846744734604902, ""wildcard_distance_pre"": 0.8527731929297032}","Comparer saisons: moyennes, écarts-types et manquants fournis; defaults historiques peuvent masquer indisponibilité"
goal_differential_pre,standings,0.0331541995319407,179,24.156115685768125,"[{""season"": 20242025, ""missing"": 0.0586633810933805, ""mean"": 0.22236061559247608, ""std"": 26.823215743006937}, {""season"": 20252026, ""missing"": 0.0025729600952948185, ""mean"": 0.09752310889244513, ""std"": 20.72891527470102}]",0.0017648958871475,0.0010400403282348,4,4,Différentiel de buts équipe au snapshot antérieur,NHL standings datés + calendrier équipe (fallback),"Snapshot strictement antérieur, saison/fraîcheur contrôlées; calendrier connu",Aucune fuite actuelle détectée; archive point-in-time des corrections source non disponible,"{""wildcard_distance_pre"": 0.8601261765972228, ""conference_rank_pre"": -0.8113660203244927, ""point_pctg_pre"": 0.8100222277608571}","Comparer saisons: moyennes, écarts-types et manquants fournis; defaults historiques peuvent masquer indisponibilité"
l10_points_pre,standings,0.0331541995319407,21,3.83307444524667,"[{""season"": 20242025, ""missing"": 0.0586633810933805, ""mean"": 10.289218687327155, ""std"": 3.755403987760931}, {""season"": 20252026, ""missing"": 0.0025729600952948185, ""mean"": 10.469104545345976, ""std"": 3.9169493739228094}]",3.556584481107498e-05,0.0010603702048632,3,4,Points équipe sur 10 matchs au snapshot antérieur,NHL standings datés + calendrier équipe (fallback),"Snapshot strictement antérieur, saison/fraîcheur contrôlées; calendrier connu",Aucune fuite actuelle détectée; archive point-in-time des corrections source non disponible,"{""team_winrate_5"": 0.5769467898420064, ""point_pctg_pre"": 0.5628283307887519, ""conference_rank_pre"": -0.547103752936234}","Comparer saisons: moyennes, écarts-types et manquants fournis; defaults historiques peuvent masquer indisponibilité"
late_season_flag,standings,0.0,2,0.4183556884442172,"[{""season"": 20242025, ""missing"": 0.0, ""mean"": 0.29035591502553604, ""std"": 0.4539311097686266}, {""season"": 20252026, ""missing"": 0.0, ""mean"": 0.14923168552709945, ""std"": 0.35632094287215993}]",0.0,0.0,0,4,<=20 matchs restants de saison régulière,NHL standings datés + calendrier équipe (fallback),"Snapshot strictement antérieur, saison/fraîcheur contrôlées; calendrier connu",Aucune fuite actuelle détectée; archive point-in-time des corrections source non disponible,"{""games_remaining_team_pre"": -0.7246750269789682, ""games_played_team_pre"": 0.7246614191302813, ""team_games_played_pre_approx"": 0.7246614191302813}","Comparer saisons: moyennes, écarts-types et manquants fournis; defaults historiques peuvent masquer indisponibilité"
playoff_pressure_simple,standings,0.0,3,0.3957467628143633,"[{""season"": 20242025, ""missing"": 0.0, ""mean"": -0.06943423222908925, ""std"": 0.4347165439923572}, {""season"": 20252026, ""missing"": 0.0, ""mean"": -0.002144133412745682, ""std"": 0.3396358762295091}]",-6.402169876715e-05,0.0001280433975343,0,4,"Heuristique: fin de saison et distance wildcard [-4,4] ->1; >=8 ou <=−8 ->−1; sinon0",NHL standings datés + calendrier équipe (fallback),"Snapshot strictement antérieur, saison/fraîcheur contrôlées; calendrier connu",Aucune fuite actuelle détectée; archive point-in-time des corrections source non disponible,"{""late_season_flag"": -0.1961799922168006, ""conference_cutoff_points_pre"": -0.155950334096208, ""games_remaining_team_pre"": 0.1469372218197718}","Comparer saisons: moyennes, écarts-types et manquants fournis; defaults historiques peuvent masquer indisponibilité"
