variant,fold,rows,delta_logloss,delta_brier
depth4,0,4891,-0.000328056344853064,-0.00010488159064296677
depth4,1,15300,-0.004519942682403493,-0.0021196352305226833
depth4,2,17136,-0.0033150836409738555,-0.0013256762225420844
depth4,3,9539,-0.0028487331852809048,-0.001316264467063851
leaf100,0,4891,0.0020431507061166513,0.0010006086322688753
leaf100,1,15300,-0.001771234567091345,-0.0009723118173585378
leaf100,2,17136,-0.0027073191870843863,-0.0010955405856992464
leaf100,3,9539,-0.0008903789285106291,-0.00047092003678668334
plus_drought_relative_pre,0,4891,0.002188432892566129,0.0010444664257613227
plus_drought_relative_pre,1,15300,0.0008543360177491665,0.00031455604648749253
plus_drought_relative_pre,2,17136,5.134391837126558e-05,-5.468199685385552e-05
plus_drought_relative_pre,3,9539,-0.0009887486250532884,-0.00047904073472577395
plus_drought_surprise_pre,0,4891,0.0014380080724149965,0.000773789148979216
plus_drought_surprise_pre,1,15300,0.007173921163168364,0.0013490581903473071
plus_drought_surprise_pre,2,17136,0.0009404183424853738,0.00038862925420470214
plus_drought_surprise_pre,3,9539,-0.0011712713701378522,-0.0005727413743300792
plus_pp_share_5_pre,0,4891,0.003682135156699436,0.000635659808511998
plus_pp_share_5_pre,1,15300,-0.0005435450989684351,-0.00029232704609538873
plus_pp_share_5_pre,2,17136,-0.0005827267616819058,-0.00023082122466661534
plus_pp_share_5_pre,3,9539,-0.0008366988562166288,-0.00044388775414145416
plus_shots_trend_5_10_pre,0,4891,0.002399111018035995,0.0009970248618868431
plus_shots_trend_5_10_pre,1,15300,-0.00012054869102133191,-0.00011822435925173791
plus_shots_trend_5_10_pre,2,17136,0.002294111284508476,0.0009115064010905779
plus_shots_trend_5_10_pre,3,9539,-0.0003908330755579298,-0.0002471360838887085
plus_toi_trend_5_10_pre,0,4891,0.0003520682217832908,0.00016480256492474747
plus_toi_trend_5_10_pre,1,15300,-0.0007245499124607742,-0.00040601888765505294
plus_toi_trend_5_10_pre,2,17136,-6.811794813607925e-05,-2.806482104593057e-05
plus_toi_trend_5_10_pre,3,9539,-0.0022262016648064565,-0.0009642963972730589
without_head_to_head,0,4891,0.002490174738417861,0.0011397246286305274
without_head_to_head,1,15300,-0.00023506427104348588,-0.00015149524375169998
without_head_to_head,2,17136,-0.0005444599115009889,-0.0002869134850984793
without_head_to_head,3,9539,-0.0016610844200524472,-0.0007216381357174017
without_recent_scoring,0,4891,-0.0024958672933756555,-0.0011067959327928382
without_recent_scoring,1,15300,-0.001585300559478943,-0.0007706038428096837
without_recent_scoring,2,17136,-0.0005564014256712758,-0.00016806989179034846
without_recent_scoring,3,9539,0.0016663839685094788,0.0006501461021789116
without_return_absence,0,4891,0.008139636982509505,0.0006051918599000056
without_return_absence,1,15300,0.013759826978294178,0.0018603317876469238
without_return_absence,2,17136,0.0035217738307534315,0.0013705177819347601
without_return_absence,3,9539,-0.002606165766621972,-0.0012501390463416245
without_sample_depth,0,4891,0.004675277128034601,0.0011544641710442003
without_sample_depth,1,15300,-0.0013428185788612788,-0.0007503697032889522
without_sample_depth,2,17136,-0.0014636469733275777,-0.0006274669915457664
without_sample_depth,3,9539,-0.0011396809550616015,-0.0005904562934645214
without_schedule,0,4891,-0.00028905335683032364,-6.814952562724811e-05
without_schedule,1,15300,0.00030392845946353533,9.92729642981728e-05
without_schedule,2,17136,0.0036359543838468465,0.0014350762654211711
without_schedule,3,9539,-0.0016310628972874407,-0.0008540874235433484
without_season_history,0,4891,0.00031293965108439265,0.0001865952104836214
without_season_history,1,15300,-0.0003286012298332502,-0.0001275850890573255
without_season_history,2,17136,8.184230538330444e-05,0.00025603740901832716
without_season_history,3,9539,0.0011299782123807103,0.0004317743434555297
without_shots,0,4891,-0.0010758010900578355,-0.0004011647086442247
without_shots,1,15300,0.0003961763322497157,0.0001901262172374637
without_shots,2,17136,0.0005320222060887523,0.0001935754270332636
without_shots,3,9539,-0.0004898970219095542,-0.00031214650481509176
without_standings,0,4891,-0.0041288801928202005,-0.001872147021580027
without_standings,1,15300,0.005356458523769188,0.0018974475986365635
without_standings,2,17136,0.0006919978163388111,0.00030695327154656556
without_standings,3,9539,-0.0018400071529026897,-0.0008121094084128723
without_streaks,0,4891,0.0007408465209822915,0.0004069478960360932
without_streaks,1,15300,0.027410421521602057,0.0014308938740681845
without_streaks,2,17136,0.002168534679220192,0.0008860355787923068
without_streaks,3,9539,0.0005981576923847692,0.0002564517194426774
without_team_form,0,4891,0.00306768772137436,0.0014208951781464715
without_team_form,1,15300,-0.001402899902160501,-0.0007751269914224097
without_team_form,2,17136,-0.0009366128422240589,-0.000425422752230565
without_team_form,3,9539,-0.0005447211213736583,-0.0001486878500547021
without_usage,0,4891,-0.0004996787009066811,-5.2454234710027736e-05
without_usage,1,15300,9.231879441931852e-05,-3.7283933287854415e-06
without_usage,2,17136,-0.00024781263816188106,-0.00015449616878978283
without_usage,3,9539,-0.001617804211904746,-0.0008367670930057244
