lower,upper,count,mean_probability,observed_rate,stratum
0.0,0.1,18839,0.06750289842058041,0.07489781835553905,all
0.1,0.2,19832,0.14359676302197627,0.14935457845905606,all
0.2,0.3,8970,0.2417723017017873,0.27079152731326644,all
0.3,0.4,2183,0.33521221527131917,0.3408153916628493,all
0.4,0.5,136,0.4225365569002582,0.36764705882352944,all
0.5,0.6,2,0.5202090330040767,0.0,all
0.6,0.7,0,,,all
0.7,0.8,0,,,all
0.8,0.9,0,,,all
0.9,1.0,0,,,all
0.0,0.1,17942,0.06744192539237877,0.07546538847397169,regular
0.1,0.2,18632,0.143226815320636,0.15151352511807642,regular
0.2,0.3,8170,0.2415035620103291,0.2712362301101591,regular
0.3,0.4,1991,0.335455869538352,0.3420391762933199,regular
0.4,0.5,129,0.42258302836685846,0.3643410852713178,regular
0.5,0.6,2,0.5202090330040767,0.0,regular
0.6,0.7,0,,,regular
0.7,0.8,0,,,regular
0.8,0.9,0,,,regular
0.9,1.0,0,,,regular
0.0,0.1,897,0.06872249493339408,0.06354515050167224,playoffs
0.1,0.2,1200,0.14934081766478613,0.11583333333333333,playoffs
0.2,0.3,800,0.24451680580080423,0.26625,playoffs
0.3,0.4,192,0.3326855712834944,0.328125,playoffs
0.4,0.5,7,0.42168015415862586,0.42857142857142855,playoffs
0.5,0.6,0,,,playoffs
0.6,0.7,0,,,playoffs
0.7,0.8,0,,,playoffs
0.8,0.9,0,,,playoffs
0.9,1.0,0,,,playoffs
